Id,y
1000,2.0000
1001,1.0000
1002,1.0000
1003,0.0000
1004,2.0000
1005,1.0000
1006,1.0000
1007,1.0000
1008,1.0000
1009,1.0000
1010,0.0000
1011,2.0000
1012,0.0000
1013,2.0000
1014,0.0000
1015,1.0000
1016,1.0000
1017,1.0000
1018,2.0000
1019,1.0000
1020,0.0000
1021,2.0000
1022,1.0000
1023,1.0000
1024,2.0000
1025,0.0000
1026,2.0000
1027,2.0000
1028,1.0000
1029,0.0000
1030,2.0000
1031,0.0000
1032,1.0000
1033,2.0000
1034,0.0000
1035,0.0000
1036,2.0000
1037,0.0000
1038,2.0000
1039,0.0000
1040,0.0000
1041,2.0000
1042,2.0000
1043,1.0000
1044,0.0000
1045,1.0000
1046,1.0000
1047,0.0000
1048,2.0000
1049,2.0000
1050,0.0000
1051,2.0000
1052,1.0000
1053,1.0000
1054,1.0000
1055,2.0000
1056,0.0000
1057,1.0000
1058,2.0000
1059,2.0000
1060,0.0000
1061,2.0000
1062,0.0000
1063,2.0000
1064,1.0000
1065,0.0000
1066,2.0000
1067,1.0000
1068,2.0000
1069,1.0000
1070,0.0000
1071,2.0000
1072,0.0000
1073,0.0000
1074,0.0000
1075,0.0000
1076,1.0000
1077,0.0000
1078,0.0000
1079,2.0000
1080,2.0000
1081,0.0000
1082,2.0000
1083,2.0000
1084,1.0000
1085,1.0000
1086,0.0000
1087,0.0000
1088,1.0000
1089,0.0000
1090,0.0000
1091,2.0000
1092,1.0000
1093,0.0000
1094,2.0000
1095,2.0000
1096,2.0000
1097,1.0000
1098,1.0000
1099,0.0000
1100,2.0000
1101,0.0000
1102,2.0000
1103,1.0000
1104,2.0000
1105,1.0000
1106,1.0000
1107,2.0000
1108,0.0000
1109,2.0000
1110,0.0000
1111,1.0000
1112,1.0000
1113,2.0000
1114,0.0000
1115,1.0000
1116,2.0000
1117,0.0000
1118,1.0000
1119,2.0000
1120,0.0000
1121,1.0000
1122,1.0000
1123,2.0000
1124,2.0000
1125,1.0000
1126,1.0000
1127,1.0000
1128,1.0000
1129,2.0000
1130,2.0000
1131,2.0000
1132,1.0000
1133,0.0000
1134,0.0000
1135,0.0000
1136,2.0000
1137,2.0000
1138,2.0000
1139,1.0000
1140,2.0000
1141,1.0000
1142,1.0000
1143,1.0000
1144,0.0000
1145,0.0000
1146,0.0000
1147,0.0000
1148,1.0000
1149,1.0000
1150,2.0000
1151,2.0000
1152,0.0000
1153,0.0000
1154,2.0000
1155,2.0000
1156,2.0000
1157,2.0000
1158,2.0000
1159,0.0000
1160,1.0000
1161,0.0000
1162,1.0000
1163,0.0000
1164,0.0000
1165,2.0000
1166,2.0000
1167,1.0000
1168,0.0000
1169,1.0000
1170,1.0000
1171,0.0000
1172,2.0000
1173,2.0000
1174,1.0000
1175,2.0000
1176,2.0000
1177,2.0000
1178,0.0000
1179,1.0000
1180,0.0000
1181,2.0000
1182,2.0000
1183,0.0000
1184,2.0000
1185,1.0000
1186,0.0000
1187,2.0000
1188,2.0000
1189,1.0000
1190,2.0000
1191,1.0000
1192,0.0000
1193,1.0000
1194,0.0000
1195,0.0000
1196,0.0000
1197,2.0000
1198,2.0000
1199,2.0000
1200,1.0000
1201,1.0000
1202,2.0000
1203,2.0000
1204,0.0000
1205,1.0000
1206,2.0000
1207,0.0000
1208,2.0000
1209,2.0000
1210,2.0000
1211,2.0000
1212,1.0000
1213,0.0000
1214,1.0000
1215,2.0000
1216,2.0000
1217,2.0000
1218,2.0000
1219,2.0000
1220,2.0000
1221,1.0000
1222,2.0000
1223,1.0000
1224,0.0000
1225,2.0000
1226,0.0000
1227,2.0000
1228,0.0000
1229,2.0000
1230,0.0000
1231,0.0000
1232,2.0000
1233,2.0000
1234,0.0000
1235,1.0000
1236,2.0000
1237,1.0000
1238,2.0000
1239,2.0000
1240,1.0000
1241,0.0000
1242,0.0000
1243,1.0000
1244,0.0000
1245,1.0000
1246,1.0000
1247,2.0000
1248,2.0000
1249,1.0000
1250,1.0000
1251,1.0000
1252,1.0000
1253,1.0000
1254,1.0000
1255,2.0000
1256,1.0000
1257,0.0000
1258,1.0000
1259,1.0000
1260,1.0000
1261,2.0000
1262,0.0000
1263,1.0000
1264,0.0000
1265,0.0000
1266,2.0000
1267,2.0000
1268,1.0000
1269,0.0000
1270,2.0000
1271,1.0000
1272,2.0000
1273,0.0000
1274,2.0000
1275,2.0000
1276,1.0000
1277,2.0000
1278,0.0000
1279,1.0000
1280,1.0000
1281,0.0000
1282,2.0000
1283,0.0000
1284,0.0000
1285,1.0000
1286,0.0000
1287,0.0000
1288,2.0000
1289,2.0000
1290,2.0000
1291,1.0000
1292,0.0000
1293,2.0000
1294,1.0000
1295,1.0000
1296,2.0000
1297,1.0000
1298,2.0000
1299,1.0000
1300,1.0000
1301,0.0000
1302,1.0000
1303,1.0000
1304,2.0000
1305,0.0000
1306,1.0000
1307,0.0000
1308,0.0000
1309,2.0000
1310,0.0000
1311,1.0000
1312,2.0000
1313,2.0000
1314,0.0000
1315,2.0000
1316,2.0000
1317,2.0000
1318,2.0000
1319,2.0000
1320,2.0000
1321,2.0000
1322,0.0000
1323,0.0000
1324,0.0000
1325,2.0000
1326,0.0000
1327,1.0000
1328,0.0000
1329,2.0000
1330,1.0000
1331,0.0000
1332,0.0000
1333,2.0000
1334,1.0000
1335,2.0000
1336,0.0000
1337,0.0000
1338,2.0000
1339,0.0000
1340,0.0000
1341,1.0000
1342,0.0000
1343,2.0000
1344,2.0000
1345,0.0000
1346,1.0000
1347,2.0000
1348,1.0000
1349,1.0000
1350,2.0000
1351,2.0000
1352,1.0000
1353,1.0000
1354,2.0000
1355,0.0000
1356,2.0000
1357,1.0000
1358,2.0000
1359,0.0000
1360,0.0000
1361,0.0000
1362,1.0000
1363,0.0000
1364,0.0000
1365,2.0000
1366,0.0000
1367,0.0000
1368,2.0000
1369,2.0000
1370,0.0000
1371,2.0000
1372,1.0000
1373,1.0000
1374,1.0000
1375,1.0000
1376,2.0000
1377,0.0000
1378,2.0000
1379,1.0000
1380,0.0000
1381,1.0000
1382,0.0000
1383,0.0000
1384,0.0000
1385,2.0000
1386,1.0000
1387,1.0000
1388,2.0000
1389,1.0000
1390,0.0000
1391,0.0000
1392,0.0000
1393,2.0000
1394,0.0000
1395,1.0000
1396,1.0000
1397,0.0000
1398,0.0000
1399,1.0000
1400,1.0000
1401,2.0000
1402,1.0000
1403,1.0000
1404,0.0000
1405,1.0000
1406,0.0000
1407,1.0000
1408,1.0000
1409,0.0000
1410,0.0000
1411,2.0000
1412,0.0000
1413,0.0000
1414,2.0000
1415,1.0000
1416,1.0000
1417,0.0000
1418,2.0000
1419,2.0000
1420,2.0000
1421,2.0000
1422,1.0000
1423,2.0000
1424,2.0000
1425,1.0000
1426,2.0000
1427,2.0000
1428,1.0000
1429,0.0000
1430,0.0000
1431,1.0000
1432,2.0000
1433,2.0000
1434,1.0000
1435,0.0000
1436,0.0000
1437,1.0000
1438,2.0000
1439,1.0000
1440,2.0000
1441,1.0000
1442,0.0000
1443,0.0000
1444,2.0000
1445,1.0000
1446,2.0000
1447,2.0000
1448,0.0000
1449,1.0000
1450,1.0000
1451,2.0000
1452,1.0000
1453,1.0000
1454,0.0000
1455,0.0000
1456,1.0000
1457,1.0000
1458,2.0000
1459,2.0000
1460,2.0000
1461,1.0000
1462,0.0000
1463,2.0000
1464,1.0000
1465,1.0000
1466,2.0000
1467,0.0000
1468,0.0000
1469,0.0000
1470,2.0000
1471,1.0000
1472,0.0000
1473,2.0000
1474,1.0000
1475,0.0000
1476,2.0000
1477,1.0000
1478,1.0000
1479,0.0000
1480,1.0000
1481,0.0000
1482,2.0000
1483,0.0000
1484,0.0000
1485,1.0000
1486,0.0000
1487,0.0000
1488,1.0000
1489,2.0000
1490,2.0000
1491,1.0000
1492,1.0000
1493,1.0000
1494,1.0000
1495,1.0000
1496,1.0000
1497,1.0000
1498,0.0000
1499,0.0000
1500,0.0000
1501,0.0000
1502,0.0000
1503,1.0000
1504,0.0000
1505,1.0000
1506,0.0000
1507,2.0000
1508,1.0000
1509,2.0000
1510,0.0000
1511,2.0000
1512,2.0000
1513,0.0000
1514,2.0000
1515,0.0000
1516,0.0000
1517,0.0000
1518,0.0000
1519,2.0000
1520,1.0000
1521,1.0000
1522,1.0000
1523,2.0000
1524,0.0000
1525,1.0000
1526,1.0000
1527,0.0000
1528,0.0000
1529,1.0000
1530,1.0000
1531,0.0000
1532,1.0000
1533,0.0000
1534,0.0000
1535,1.0000
1536,0.0000
1537,1.0000
1538,0.0000
1539,2.0000
1540,2.0000
1541,1.0000
1542,0.0000
1543,1.0000
1544,2.0000
1545,0.0000
1546,0.0000
1547,0.0000
1548,1.0000
1549,2.0000
1550,1.0000
1551,1.0000
1552,1.0000
1553,0.0000
1554,1.0000
1555,1.0000
1556,0.0000
1557,1.0000
1558,2.0000
1559,0.0000
1560,1.0000
1561,2.0000
1562,2.0000
1563,2.0000
1564,1.0000
1565,0.0000
1566,0.0000
1567,0.0000
1568,0.0000
1569,2.0000
1570,0.0000
1571,1.0000
1572,2.0000
1573,0.0000
1574,1.0000
1575,0.0000
1576,1.0000
1577,2.0000
1578,2.0000
1579,2.0000
1580,0.0000
1581,2.0000
1582,0.0000
1583,2.0000
1584,1.0000
1585,2.0000
1586,2.0000
1587,1.0000
1588,0.0000
1589,2.0000
1590,0.0000
1591,1.0000
1592,1.0000
1593,2.0000
1594,2.0000
1595,2.0000
1596,0.0000
1597,1.0000
1598,2.0000
1599,0.0000
1600,1.0000
1601,0.0000
1602,0.0000
1603,2.0000
1604,0.0000
1605,0.0000
1606,1.0000
1607,0.0000
1608,2.0000
1609,2.0000
1610,2.0000
1611,1.0000
1612,1.0000
1613,0.0000
1614,0.0000
1615,2.0000
1616,2.0000
1617,1.0000
1618,0.0000
1619,2.0000
1620,0.0000
1621,2.0000
1622,2.0000
1623,0.0000
1624,0.0000
1625,2.0000
1626,2.0000
1627,0.0000
1628,0.0000
1629,1.0000
1630,1.0000
1631,0.0000
1632,1.0000
1633,1.0000
1634,0.0000
1635,1.0000
1636,2.0000
1637,2.0000
1638,2.0000
1639,0.0000
1640,1.0000
1641,0.0000
1642,0.0000
1643,1.0000
1644,2.0000
1645,0.0000
1646,2.0000
1647,2.0000
1648,1.0000
1649,2.0000
1650,1.0000
1651,0.0000
1652,1.0000
1653,1.0000
1654,1.0000
1655,2.0000
1656,0.0000
1657,2.0000
1658,2.0000
1659,0.0000
1660,1.0000
1661,1.0000
1662,0.0000
1663,2.0000
1664,1.0000
1665,2.0000
1666,0.0000
1667,1.0000
1668,0.0000
1669,2.0000
1670,2.0000
1671,1.0000
1672,1.0000
1673,1.0000
1674,1.0000
1675,2.0000
1676,2.0000
1677,0.0000
1678,1.0000
1679,0.0000
1680,0.0000
1681,2.0000
1682,1.0000
1683,0.0000
1684,0.0000
1685,0.0000
1686,0.0000
1687,1.0000
1688,1.0000
1689,2.0000
1690,1.0000
1691,1.0000
1692,0.0000
1693,2.0000
1694,2.0000
1695,2.0000
1696,2.0000
1697,2.0000
1698,0.0000
1699,0.0000
1700,1.0000
1701,0.0000
1702,0.0000
1703,2.0000
1704,1.0000
1705,0.0000
1706,1.0000
1707,1.0000
1708,1.0000
1709,0.0000
1710,1.0000
1711,1.0000
1712,0.0000
1713,2.0000
1714,1.0000
1715,1.0000
1716,2.0000
1717,0.0000
1718,2.0000
1719,2.0000
1720,1.0000
1721,2.0000
1722,2.0000
1723,0.0000
1724,1.0000
1725,1.0000
1726,0.0000
1727,0.0000
1728,2.0000
1729,2.0000
1730,0.0000
1731,0.0000
1732,2.0000
1733,2.0000
1734,2.0000
1735,2.0000
1736,1.0000
1737,2.0000
1738,0.0000
1739,2.0000
1740,0.0000
1741,0.0000
1742,2.0000
1743,2.0000
1744,0.0000
1745,2.0000
1746,2.0000
1747,1.0000
1748,0.0000
1749,1.0000
1750,0.0000
1751,0.0000
1752,1.0000
1753,1.0000
1754,2.0000
1755,1.0000
1756,2.0000
1757,2.0000
1758,1.0000
1759,2.0000
1760,2.0000
1761,1.0000
1762,1.0000
1763,1.0000
1764,0.0000
1765,1.0000
1766,0.0000
1767,1.0000
1768,0.0000
1769,2.0000
1770,1.0000
1771,1.0000
1772,0.0000
1773,1.0000
1774,1.0000
1775,2.0000
1776,2.0000
1777,0.0000
1778,1.0000
1779,1.0000
1780,0.0000
1781,2.0000
1782,2.0000
1783,2.0000
1784,1.0000
1785,1.0000
1786,1.0000
1787,0.0000
1788,1.0000
1789,0.0000
1790,2.0000
1791,1.0000
1792,1.0000
1793,1.0000
1794,0.0000
1795,1.0000
1796,2.0000
1797,2.0000
1798,2.0000
1799,1.0000
1800,0.0000
1801,1.0000
1802,0.0000
1803,2.0000
1804,0.0000
1805,2.0000
1806,0.0000
1807,0.0000
1808,0.0000
1809,1.0000
1810,0.0000
1811,2.0000
1812,0.0000
1813,2.0000
1814,2.0000
1815,1.0000
1816,1.0000
1817,2.0000
1818,0.0000
1819,0.0000
1820,0.0000
1821,1.0000
1822,2.0000
1823,1.0000
1824,2.0000
1825,1.0000
1826,0.0000
1827,0.0000
1828,1.0000
1829,2.0000
1830,0.0000
1831,2.0000
1832,1.0000
1833,1.0000
1834,1.0000
1835,0.0000
1836,1.0000
1837,2.0000
1838,1.0000
1839,1.0000
1840,1.0000
1841,0.0000
1842,0.0000
1843,1.0000
1844,0.0000
1845,2.0000
1846,2.0000
1847,0.0000
1848,2.0000
1849,2.0000
1850,0.0000
1851,2.0000
1852,0.0000
1853,0.0000
1854,0.0000
1855,0.0000
1856,2.0000
1857,2.0000
1858,1.0000
1859,2.0000
1860,0.0000
1861,1.0000
1862,1.0000
1863,1.0000
1864,0.0000
1865,0.0000
1866,0.0000
1867,2.0000
1868,2.0000
1869,0.0000
1870,1.0000
1871,1.0000
1872,0.0000
1873,2.0000
1874,1.0000
1875,0.0000
1876,0.0000
1877,2.0000
1878,2.0000
1879,1.0000
1880,0.0000
1881,0.0000
1882,2.0000
1883,2.0000
1884,0.0000
1885,1.0000
1886,0.0000
1887,2.0000
1888,1.0000
1889,0.0000
1890,2.0000
1891,0.0000
1892,1.0000
1893,0.0000
1894,2.0000
1895,1.0000
1896,2.0000
1897,1.0000
1898,0.0000
1899,2.0000
1900,0.0000
1901,0.0000
1902,1.0000
1903,1.0000
1904,0.0000
1905,1.0000
1906,1.0000
1907,0.0000
1908,0.0000
1909,0.0000
1910,1.0000
1911,2.0000
1912,2.0000
1913,0.0000
1914,1.0000
1915,2.0000
1916,2.0000
1917,0.0000
1918,0.0000
1919,1.0000
1920,0.0000
1921,2.0000
1922,1.0000
1923,0.0000
1924,2.0000
1925,2.0000
1926,0.0000
1927,1.0000
1928,0.0000
1929,0.0000
1930,0.0000
1931,2.0000
1932,0.0000
1933,0.0000
1934,2.0000
1935,1.0000
1936,2.0000
1937,0.0000
1938,1.0000
1939,1.0000
1940,1.0000
1941,0.0000
1942,0.0000
1943,0.0000
1944,2.0000
1945,1.0000
1946,2.0000
1947,1.0000
1948,0.0000
1949,1.0000
1950,2.0000
1951,2.0000
1952,2.0000
1953,0.0000
1954,1.0000
1955,1.0000
1956,1.0000
1957,0.0000
1958,1.0000
1959,2.0000
1960,0.0000
1961,1.0000
1962,2.0000
1963,2.0000
1964,1.0000
1965,0.0000
1966,2.0000
1967,1.0000
1968,0.0000
1969,1.0000
1970,0.0000
1971,0.0000
1972,1.0000
1973,0.0000
1974,2.0000
1975,2.0000
1976,2.0000
1977,1.0000
1978,2.0000
1979,0.0000
1980,0.0000
1981,2.0000
1982,1.0000
1983,0.0000
1984,1.0000
1985,0.0000
1986,0.0000
1987,1.0000
1988,2.0000
1989,0.0000
1990,0.0000
1991,0.0000
1992,2.0000
1993,0.0000
1994,2.0000
1995,1.0000
1996,2.0000
1997,2.0000
1998,2.0000
1999,0.0000
2000,0.0000
2001,1.0000
2002,2.0000
2003,2.0000
2004,2.0000
2005,1.0000
2006,0.0000
2007,2.0000
2008,2.0000
2009,0.0000
2010,2.0000
2011,1.0000
2012,2.0000
2013,0.0000
2014,2.0000
2015,0.0000
2016,2.0000
2017,2.0000
2018,2.0000
2019,1.0000
2020,0.0000
2021,2.0000
2022,0.0000
2023,1.0000
2024,0.0000
2025,1.0000
2026,0.0000
2027,1.0000
2028,1.0000
2029,2.0000
2030,2.0000
2031,2.0000
2032,1.0000
2033,2.0000
2034,0.0000
2035,1.0000
2036,0.0000
2037,2.0000
2038,1.0000
2039,1.0000
2040,2.0000
2041,2.0000
2042,0.0000
2043,1.0000
2044,0.0000
2045,1.0000
2046,2.0000
2047,0.0000
2048,0.0000
2049,1.0000
2050,2.0000
2051,2.0000
2052,1.0000
2053,2.0000
2054,0.0000
2055,1.0000
2056,1.0000
2057,1.0000
2058,0.0000
2059,0.0000
2060,0.0000
2061,2.0000
2062,0.0000
2063,0.0000
2064,2.0000
2065,1.0000
2066,2.0000
2067,0.0000
2068,1.0000
2069,0.0000
2070,0.0000
2071,1.0000
2072,2.0000
2073,1.0000
2074,2.0000
2075,1.0000
2076,0.0000
2077,0.0000
2078,0.0000
2079,0.0000
2080,1.0000
2081,1.0000
2082,0.0000
2083,2.0000
2084,2.0000
2085,1.0000
2086,2.0000
2087,0.0000
2088,1.0000
2089,0.0000
2090,1.0000
2091,1.0000
2092,0.0000
2093,0.0000
2094,1.0000
2095,1.0000
2096,0.0000
2097,1.0000
2098,1.0000
2099,0.0000
2100,0.0000
2101,0.0000
2102,2.0000
2103,1.0000
2104,0.0000
2105,0.0000
2106,1.0000
2107,2.0000
2108,0.0000
2109,2.0000
2110,0.0000
2111,2.0000
2112,0.0000
2113,2.0000
2114,0.0000
2115,0.0000
2116,0.0000
2117,2.0000
2118,2.0000
2119,0.0000
2120,2.0000
2121,2.0000
2122,0.0000
2123,2.0000
2124,1.0000
2125,1.0000
2126,1.0000
2127,1.0000
2128,1.0000
2129,1.0000
2130,2.0000
2131,2.0000
2132,2.0000
2133,0.0000
2134,2.0000
2135,1.0000
2136,1.0000
2137,0.0000
2138,0.0000
2139,0.0000
2140,0.0000
2141,0.0000
2142,0.0000
2143,1.0000
2144,2.0000
2145,0.0000
2146,2.0000
2147,2.0000
2148,0.0000
2149,1.0000
2150,1.0000
2151,2.0000
2152,1.0000
2153,1.0000
2154,0.0000
2155,2.0000
2156,1.0000
2157,1.0000
2158,1.0000
2159,1.0000
2160,0.0000
2161,1.0000
2162,2.0000
2163,0.0000
2164,0.0000
2165,2.0000
2166,2.0000
2167,0.0000
2168,1.0000
2169,0.0000
2170,2.0000
2171,1.0000
2172,2.0000
2173,2.0000
2174,0.0000
2175,1.0000
2176,2.0000
2177,0.0000
2178,2.0000
2179,1.0000
2180,1.0000
2181,1.0000
2182,1.0000
2183,0.0000
2184,1.0000
2185,1.0000
2186,1.0000
2187,1.0000
2188,1.0000
2189,2.0000
2190,1.0000
2191,2.0000
2192,1.0000
2193,2.0000
2194,1.0000
2195,1.0000
2196,1.0000
2197,1.0000
2198,0.0000
2199,1.0000
2200,2.0000
2201,2.0000
2202,1.0000
2203,0.0000
2204,0.0000
2205,0.0000
2206,2.0000
2207,0.0000
2208,1.0000
2209,2.0000
2210,0.0000
2211,1.0000
2212,1.0000
2213,1.0000
2214,2.0000
2215,0.0000
2216,1.0000
2217,2.0000
2218,1.0000
2219,0.0000
2220,2.0000
2221,2.0000
2222,1.0000
2223,1.0000
2224,1.0000
2225,0.0000
2226,2.0000
2227,2.0000
2228,1.0000
2229,1.0000
2230,2.0000
2231,1.0000
2232,0.0000
2233,2.0000
2234,0.0000
2235,0.0000
2236,0.0000
2237,0.0000
2238,1.0000
2239,2.0000
2240,1.0000
2241,1.0000
2242,0.0000
2243,1.0000
2244,2.0000
2245,0.0000
2246,0.0000
2247,1.0000
2248,2.0000
2249,0.0000
2250,0.0000
2251,0.0000
2252,1.0000
2253,2.0000
2254,0.0000
2255,1.0000
2256,0.0000
2257,0.0000
2258,0.0000
2259,2.0000
2260,2.0000
2261,0.0000
2262,2.0000
2263,2.0000
2264,0.0000
2265,2.0000
2266,2.0000
2267,2.0000
2268,1.0000
2269,2.0000
2270,0.0000
2271,0.0000
2272,0.0000
2273,0.0000
2274,2.0000
2275,1.0000
2276,2.0000
2277,2.0000
2278,2.0000
2279,1.0000
2280,0.0000
2281,2.0000
2282,2.0000
2283,0.0000
2284,0.0000
2285,0.0000
2286,1.0000
2287,2.0000
2288,2.0000
2289,1.0000
2290,2.0000
2291,1.0000
2292,1.0000
2293,0.0000
2294,1.0000
2295,2.0000
2296,2.0000
2297,1.0000
2298,1.0000
2299,1.0000
2300,2.0000
2301,2.0000
2302,1.0000
2303,2.0000
2304,2.0000
2305,0.0000
2306,0.0000
2307,0.0000
2308,1.0000
2309,0.0000
2310,0.0000
2311,1.0000
2312,0.0000
2313,1.0000
2314,0.0000
2315,2.0000
2316,2.0000
2317,1.0000
2318,1.0000
2319,0.0000
2320,1.0000
2321,0.0000
2322,0.0000
2323,2.0000
2324,2.0000
2325,1.0000
2326,0.0000
2327,0.0000
2328,0.0000
2329,1.0000
2330,1.0000
2331,2.0000
2332,0.0000
2333,1.0000
2334,0.0000
2335,2.0000
2336,0.0000
2337,2.0000
2338,2.0000
2339,0.0000
2340,1.0000
2341,2.0000
2342,2.0000
2343,2.0000
2344,2.0000
2345,2.0000
2346,1.0000
2347,2.0000
2348,0.0000
2349,2.0000
2350,0.0000
2351,0.0000
2352,0.0000
2353,1.0000
2354,2.0000
2355,1.0000
2356,0.0000
2357,2.0000
2358,2.0000
2359,1.0000
2360,0.0000
2361,1.0000
2362,0.0000
2363,2.0000
2364,2.0000
2365,2.0000
2366,1.0000
2367,1.0000
2368,1.0000
2369,0.0000
2370,2.0000
2371,2.0000
2372,2.0000
2373,1.0000
2374,1.0000
2375,1.0000
2376,1.0000
2377,0.0000
2378,0.0000
2379,2.0000
2380,0.0000
2381,1.0000
2382,1.0000
2383,0.0000
2384,1.0000
2385,1.0000
2386,0.0000
2387,1.0000
2388,0.0000
2389,1.0000
2390,2.0000
2391,0.0000
2392,2.0000
2393,0.0000
2394,1.0000
2395,0.0000
2396,2.0000
2397,0.0000
2398,1.0000
2399,0.0000
2400,2.0000
2401,0.0000
2402,1.0000
2403,1.0000
2404,1.0000
2405,0.0000
2406,1.0000
2407,0.0000
2408,2.0000
2409,0.0000
2410,2.0000
2411,1.0000
2412,2.0000
2413,0.0000
2414,1.0000
2415,0.0000
2416,0.0000
2417,0.0000
2418,2.0000
2419,1.0000
2420,1.0000
2421,1.0000
2422,0.0000
2423,2.0000
2424,2.0000
2425,1.0000
2426,2.0000
2427,0.0000
2428,0.0000
2429,1.0000
2430,1.0000
2431,0.0000
2432,0.0000
2433,2.0000
2434,0.0000
2435,1.0000
2436,2.0000
2437,1.0000
2438,0.0000
2439,2.0000
2440,1.0000
2441,0.0000
2442,1.0000
2443,0.0000
2444,2.0000
2445,2.0000
2446,1.0000
2447,2.0000
2448,0.0000
2449,1.0000
2450,2.0000
2451,2.0000
2452,0.0000
2453,2.0000
2454,0.0000
2455,2.0000
2456,1.0000
2457,2.0000
2458,2.0000
2459,0.0000
2460,1.0000
2461,2.0000
2462,0.0000
2463,1.0000
2464,0.0000
2465,1.0000
2466,2.0000
2467,2.0000
2468,1.0000
2469,0.0000
2470,1.0000
2471,2.0000
2472,1.0000
2473,0.0000
2474,0.0000
2475,1.0000
2476,2.0000
2477,2.0000
2478,0.0000
2479,1.0000
2480,2.0000
2481,1.0000
2482,0.0000
2483,0.0000
2484,2.0000
2485,2.0000
2486,0.0000
2487,2.0000
2488,1.0000
2489,2.0000
2490,0.0000
2491,0.0000
2492,0.0000
2493,2.0000
2494,1.0000
2495,0.0000
2496,2.0000
2497,1.0000
2498,2.0000
2499,1.0000
2500,1.0000
2501,0.0000
2502,1.0000
2503,1.0000
2504,0.0000
2505,0.0000
2506,2.0000
2507,0.0000
2508,1.0000
2509,0.0000
2510,1.0000
2511,2.0000
2512,0.0000
2513,2.0000
2514,0.0000
2515,1.0000
2516,0.0000
2517,1.0000
2518,2.0000
2519,1.0000
2520,1.0000
2521,0.0000
2522,0.0000
2523,2.0000
2524,0.0000
2525,2.0000
2526,1.0000
2527,1.0000
2528,2.0000
2529,0.0000
2530,0.0000
2531,2.0000
2532,0.0000
2533,1.0000
2534,2.0000
2535,2.0000
2536,0.0000
2537,0.0000
2538,1.0000
2539,2.0000
2540,2.0000
2541,2.0000
2542,0.0000
2543,0.0000
2544,1.0000
2545,1.0000
2546,2.0000
2547,0.0000
2548,1.0000
2549,2.0000
2550,1.0000
2551,1.0000
2552,0.0000
2553,0.0000
2554,2.0000
2555,1.0000
2556,2.0000
2557,2.0000
2558,1.0000
2559,2.0000
2560,0.0000
2561,0.0000
2562,2.0000
2563,2.0000
2564,2.0000
2565,2.0000
2566,0.0000
2567,2.0000
2568,0.0000
2569,1.0000
2570,0.0000
2571,1.0000
2572,2.0000
2573,2.0000
2574,2.0000
2575,1.0000
2576,2.0000
2577,2.0000
2578,2.0000
2579,2.0000
2580,1.0000
2581,1.0000
2582,0.0000
2583,1.0000
2584,0.0000
2585,2.0000
2586,2.0000
2587,2.0000
2588,1.0000
2589,0.0000
2590,1.0000
2591,2.0000
2592,1.0000
2593,0.0000
2594,1.0000
2595,0.0000
2596,2.0000
2597,0.0000
2598,2.0000
2599,2.0000
2600,2.0000
2601,1.0000
2602,1.0000
2603,1.0000
2604,0.0000
2605,0.0000
2606,2.0000
2607,1.0000
2608,2.0000
2609,1.0000
2610,2.0000
2611,0.0000
2612,2.0000
2613,0.0000
2614,1.0000
2615,1.0000
2616,2.0000
2617,1.0000
2618,2.0000
2619,2.0000
2620,1.0000
2621,2.0000
2622,1.0000
2623,2.0000
2624,2.0000
2625,1.0000
2626,0.0000
2627,0.0000
2628,0.0000
2629,1.0000
2630,2.0000
2631,0.0000
2632,0.0000
2633,2.0000
2634,0.0000
2635,2.0000
2636,0.0000
2637,0.0000
2638,1.0000
2639,2.0000
2640,2.0000
2641,0.0000
2642,0.0000
2643,0.0000
2644,1.0000
2645,1.0000
2646,0.0000
2647,1.0000
2648,1.0000
2649,1.0000
2650,1.0000
2651,1.0000
2652,0.0000
2653,2.0000
2654,1.0000
2655,2.0000
2656,2.0000
2657,1.0000
2658,0.0000
2659,0.0000
2660,2.0000
2661,1.0000
2662,2.0000
2663,2.0000
2664,2.0000
2665,1.0000
2666,2.0000
2667,0.0000
2668,1.0000
2669,0.0000
2670,1.0000
2671,2.0000
2672,0.0000
2673,2.0000
2674,1.0000
2675,1.0000
2676,2.0000
2677,1.0000
2678,2.0000
2679,1.0000
2680,0.0000
2681,2.0000
2682,1.0000
2683,2.0000
2684,0.0000
2685,2.0000
2686,1.0000
2687,0.0000
2688,2.0000
2689,2.0000
2690,2.0000
2691,1.0000
2692,0.0000
2693,2.0000
2694,1.0000
2695,1.0000
2696,1.0000
2697,1.0000
2698,0.0000
2699,1.0000
2700,1.0000
2701,0.0000
2702,0.0000
2703,2.0000
2704,2.0000
2705,0.0000
2706,0.0000
2707,1.0000
2708,2.0000
2709,2.0000
2710,1.0000
2711,1.0000
2712,0.0000
2713,0.0000
2714,2.0000
2715,0.0000
2716,1.0000
2717,0.0000
2718,2.0000
2719,0.0000
2720,1.0000
2721,0.0000
2722,2.0000
2723,2.0000
2724,2.0000
2725,2.0000
2726,0.0000
2727,2.0000
2728,2.0000
2729,1.0000
2730,1.0000
2731,2.0000
2732,1.0000
2733,0.0000
2734,2.0000
2735,0.0000
2736,1.0000
2737,2.0000
2738,1.0000
2739,1.0000
2740,2.0000
2741,1.0000
2742,0.0000
2743,2.0000
2744,0.0000
2745,2.0000
2746,0.0000
2747,1.0000
2748,0.0000
2749,0.0000
2750,0.0000
2751,0.0000
2752,1.0000
2753,0.0000
2754,1.0000
2755,0.0000
2756,0.0000
2757,1.0000
2758,1.0000
2759,2.0000
2760,2.0000
2761,2.0000
2762,0.0000
2763,0.0000
2764,2.0000
2765,2.0000
2766,1.0000
2767,2.0000
2768,1.0000
2769,1.0000
2770,2.0000
2771,1.0000
2772,2.0000
2773,2.0000
2774,1.0000
2775,2.0000
2776,1.0000
2777,2.0000
2778,0.0000
2779,0.0000
2780,1.0000
2781,1.0000
2782,2.0000
2783,1.0000
2784,0.0000
2785,1.0000
2786,2.0000
2787,1.0000
2788,0.0000
2789,2.0000
2790,0.0000
2791,0.0000
2792,1.0000
2793,0.0000
2794,1.0000
2795,0.0000
2796,2.0000
2797,2.0000
2798,1.0000
2799,1.0000
2800,0.0000
2801,1.0000
2802,2.0000
2803,2.0000
2804,0.0000
2805,1.0000
2806,1.0000
2807,0.0000
2808,2.0000
2809,1.0000
2810,2.0000
2811,0.0000
2812,1.0000
2813,0.0000
2814,0.0000
2815,0.0000
2816,0.0000
2817,1.0000
2818,0.0000
2819,0.0000
2820,0.0000
2821,0.0000
2822,1.0000
2823,2.0000
2824,1.0000
2825,2.0000
2826,2.0000
2827,0.0000
2828,1.0000
2829,2.0000
2830,2.0000
2831,1.0000
2832,2.0000
2833,2.0000
2834,2.0000
2835,0.0000
2836,2.0000
2837,1.0000
2838,1.0000
2839,0.0000
2840,0.0000
2841,1.0000
2842,1.0000
2843,1.0000
2844,2.0000
2845,1.0000
2846,0.0000
2847,1.0000
2848,2.0000
2849,2.0000
2850,1.0000
2851,1.0000
2852,0.0000
2853,1.0000
2854,0.0000
2855,0.0000
2856,0.0000
2857,1.0000
2858,0.0000
2859,0.0000
2860,0.0000
2861,2.0000
2862,1.0000
2863,0.0000
2864,2.0000
2865,2.0000
2866,1.0000
2867,1.0000
2868,1.0000
2869,1.0000
2870,1.0000
2871,1.0000
2872,2.0000
2873,2.0000
2874,2.0000
2875,0.0000
2876,2.0000
2877,0.0000
2878,0.0000
2879,2.0000
2880,2.0000
2881,1.0000
2882,2.0000
2883,1.0000
2884,2.0000
2885,2.0000
2886,1.0000
2887,0.0000
2888,1.0000
2889,0.0000
2890,0.0000
2891,1.0000
2892,2.0000
2893,2.0000
2894,0.0000
2895,1.0000
2896,0.0000
2897,0.0000
2898,1.0000
2899,1.0000
2900,0.0000
2901,1.0000
2902,0.0000
2903,2.0000
2904,2.0000
2905,2.0000
2906,1.0000
2907,1.0000
2908,2.0000
2909,0.0000
2910,1.0000
2911,1.0000
2912,1.0000
2913,1.0000
2914,0.0000
2915,1.0000
2916,2.0000
2917,2.0000
2918,0.0000
2919,2.0000
2920,2.0000
2921,1.0000
2922,2.0000
2923,0.0000
2924,2.0000
2925,0.0000
2926,0.0000
2927,0.0000
2928,0.0000
2929,0.0000
2930,2.0000
2931,2.0000
2932,1.0000
2933,1.0000
2934,0.0000
2935,2.0000
2936,0.0000
2937,1.0000
2938,0.0000
2939,2.0000
2940,2.0000
2941,1.0000
2942,0.0000
2943,0.0000
2944,0.0000
2945,0.0000
2946,0.0000
2947,1.0000
2948,2.0000
2949,2.0000
2950,2.0000
2951,2.0000
2952,0.0000
2953,1.0000
2954,2.0000
2955,1.0000
2956,1.0000
2957,0.0000
2958,1.0000
2959,2.0000
2960,1.0000
2961,1.0000
2962,1.0000
2963,0.0000
2964,0.0000
2965,0.0000
2966,2.0000
2967,0.0000
2968,1.0000
2969,0.0000
2970,2.0000
2971,0.0000
2972,0.0000
2973,1.0000
2974,1.0000
2975,0.0000
2976,1.0000
2977,2.0000
2978,2.0000
2979,0.0000
2980,2.0000
2981,1.0000
2982,0.0000
2983,0.0000
2984,0.0000
2985,2.0000
2986,1.0000
2987,2.0000
2988,1.0000
2989,1.0000
2990,2.0000
2991,1.0000
2992,1.0000
2993,0.0000
2994,0.0000
2995,2.0000
2996,2.0000
2997,2.0000
2998,1.0000
2999,1.0000
3000,0.0000
3001,1.0000
3002,0.0000
3003,2.0000
3004,2.0000
3005,0.0000
3006,0.0000
3007,2.0000
3008,2.0000
3009,1.0000
3010,1.0000
3011,2.0000
3012,2.0000
3013,0.0000
3014,0.0000
3015,1.0000
3016,2.0000
3017,1.0000
3018,2.0000
3019,1.0000
3020,1.0000
3021,2.0000
3022,2.0000
3023,0.0000
3024,2.0000
3025,0.0000
3026,2.0000
3027,0.0000
3028,2.0000
3029,2.0000
3030,1.0000
3031,0.0000
3032,1.0000
3033,0.0000
3034,0.0000
3035,2.0000
3036,2.0000
3037,0.0000
3038,1.0000
3039,0.0000
3040,0.0000
3041,0.0000
3042,1.0000
3043,0.0000
3044,1.0000
3045,1.0000
3046,2.0000
3047,0.0000
3048,1.0000
3049,0.0000
3050,0.0000
3051,2.0000
3052,1.0000
3053,0.0000
3054,2.0000
3055,1.0000
3056,0.0000
3057,1.0000
3058,0.0000
3059,1.0000
3060,1.0000
3061,2.0000
3062,1.0000
3063,1.0000
3064,1.0000
3065,2.0000
3066,0.0000
3067,2.0000
3068,0.0000
3069,1.0000
3070,0.0000
3071,1.0000
3072,1.0000
3073,0.0000
3074,2.0000
3075,0.0000
3076,0.0000
3077,0.0000
3078,0.0000
3079,1.0000
3080,1.0000
3081,2.0000
3082,2.0000
3083,2.0000
3084,2.0000
3085,2.0000
3086,1.0000
3087,2.0000
3088,2.0000
3089,1.0000
3090,1.0000
3091,0.0000
3092,2.0000
3093,1.0000
3094,1.0000
3095,0.0000
3096,2.0000
3097,1.0000
3098,2.0000
3099,1.0000
3100,0.0000
3101,0.0000
3102,0.0000
3103,0.0000
3104,0.0000
3105,1.0000
3106,0.0000
3107,1.0000
3108,1.0000
3109,0.0000
3110,0.0000
3111,2.0000
3112,0.0000
3113,0.0000
3114,2.0000
3115,0.0000
3116,2.0000
3117,2.0000
3118,1.0000
3119,0.0000
3120,0.0000
3121,0.0000
3122,2.0000
3123,1.0000
3124,2.0000
3125,2.0000
3126,0.0000
3127,2.0000
3128,1.0000
3129,1.0000
3130,0.0000
3131,0.0000
3132,0.0000
3133,1.0000
3134,2.0000
3135,2.0000
3136,0.0000
3137,1.0000
3138,2.0000
3139,1.0000
3140,0.0000
3141,0.0000
3142,2.0000
3143,0.0000
3144,2.0000
3145,2.0000
3146,2.0000
3147,0.0000
3148,2.0000
3149,0.0000
3150,1.0000
3151,1.0000
3152,1.0000
3153,0.0000
3154,0.0000
3155,2.0000
3156,0.0000
3157,0.0000
3158,0.0000
3159,1.0000
3160,0.0000
3161,2.0000
3162,1.0000
3163,1.0000
3164,0.0000
3165,0.0000
3166,2.0000
3167,2.0000
3168,2.0000
3169,2.0000
3170,0.0000
3171,2.0000
3172,0.0000
3173,2.0000
3174,2.0000
3175,1.0000
3176,2.0000
3177,0.0000
3178,2.0000
3179,0.0000
3180,0.0000
3181,2.0000
3182,2.0000
3183,0.0000
3184,0.0000
3185,2.0000
3186,1.0000
3187,1.0000
3188,2.0000
3189,0.0000
3190,2.0000
3191,1.0000
3192,0.0000
3193,2.0000
3194,0.0000
3195,2.0000
3196,2.0000
3197,0.0000
3198,2.0000
3199,1.0000
3200,0.0000
3201,2.0000
3202,1.0000
3203,2.0000
3204,2.0000
3205,0.0000
3206,0.0000
3207,1.0000
3208,0.0000
3209,2.0000
3210,1.0000
3211,1.0000
3212,0.0000
3213,2.0000
3214,0.0000
3215,0.0000
3216,0.0000
3217,2.0000
3218,1.0000
3219,0.0000
3220,2.0000
3221,2.0000
3222,1.0000
3223,2.0000
3224,2.0000
3225,1.0000
3226,1.0000
3227,2.0000
3228,2.0000
3229,2.0000
3230,2.0000
3231,2.0000
3232,2.0000
3233,1.0000
3234,1.0000
3235,0.0000
3236,2.0000
3237,1.0000
3238,2.0000
3239,0.0000
3240,0.0000
3241,2.0000
3242,0.0000
3243,1.0000
3244,0.0000
3245,1.0000
3246,0.0000
3247,1.0000
3248,0.0000
3249,0.0000
3250,0.0000
3251,1.0000
3252,0.0000
3253,0.0000
3254,1.0000
3255,1.0000
3256,2.0000
3257,1.0000
3258,1.0000
3259,1.0000
3260,0.0000
3261,1.0000
3262,1.0000
3263,1.0000
3264,1.0000
3265,0.0000
3266,1.0000
3267,1.0000
3268,1.0000
3269,0.0000
3270,0.0000
3271,0.0000
3272,0.0000
3273,2.0000
3274,2.0000
3275,0.0000
3276,0.0000
3277,0.0000
3278,0.0000
3279,0.0000
3280,1.0000
3281,2.0000
3282,2.0000
3283,2.0000
3284,2.0000
3285,1.0000
3286,2.0000
3287,2.0000
3288,2.0000
3289,1.0000
3290,2.0000
3291,2.0000
3292,2.0000
3293,0.0000
3294,2.0000
3295,1.0000
3296,2.0000
3297,2.0000
3298,0.0000
3299,0.0000
3300,2.0000
3301,1.0000
3302,1.0000
3303,2.0000
3304,1.0000
3305,0.0000
3306,1.0000
3307,1.0000
3308,2.0000
3309,1.0000
3310,1.0000
3311,0.0000
3312,2.0000
3313,1.0000
3314,0.0000
3315,1.0000
3316,0.0000
3317,2.0000
3318,1.0000
3319,2.0000
3320,2.0000
3321,0.0000
3322,1.0000
3323,2.0000
3324,0.0000
3325,1.0000
3326,2.0000
3327,0.0000
3328,1.0000
3329,1.0000
3330,0.0000
3331,0.0000
3332,1.0000
3333,2.0000
3334,1.0000
3335,0.0000
3336,2.0000
3337,2.0000
3338,1.0000
3339,1.0000
3340,1.0000
3341,0.0000
3342,0.0000
3343,0.0000
3344,2.0000
3345,0.0000
3346,1.0000
3347,1.0000
3348,1.0000
3349,2.0000
3350,2.0000
3351,1.0000
3352,1.0000
3353,1.0000
3354,2.0000
3355,2.0000
3356,2.0000
3357,0.0000
3358,2.0000
3359,0.0000
3360,0.0000
3361,0.0000
3362,1.0000
3363,0.0000
3364,1.0000
3365,2.0000
3366,1.0000
3367,1.0000
3368,0.0000
3369,1.0000
3370,0.0000
3371,2.0000
3372,2.0000
3373,1.0000
3374,0.0000
3375,1.0000
3376,2.0000
3377,0.0000
3378,1.0000
3379,0.0000
3380,0.0000
3381,2.0000
3382,1.0000
3383,0.0000
3384,0.0000
3385,2.0000
3386,2.0000
3387,2.0000
3388,0.0000
3389,0.0000
3390,0.0000
3391,0.0000
3392,2.0000
3393,1.0000
3394,0.0000
3395,1.0000
3396,1.0000
3397,2.0000
3398,1.0000
3399,2.0000
3400,1.0000
3401,0.0000
3402,1.0000
3403,0.0000
3404,2.0000
3405,2.0000
3406,1.0000
3407,1.0000
3408,1.0000
3409,0.0000
3410,0.0000
3411,2.0000
3412,2.0000
3413,1.0000
3414,1.0000
3415,1.0000
3416,1.0000
3417,2.0000
3418,2.0000
3419,0.0000
3420,0.0000
3421,1.0000
3422,0.0000
3423,1.0000
3424,2.0000
3425,2.0000
3426,2.0000
3427,1.0000
3428,2.0000
3429,0.0000
3430,2.0000
3431,2.0000
3432,1.0000
3433,1.0000
3434,2.0000
3435,1.0000
3436,2.0000
3437,2.0000
3438,1.0000
3439,1.0000
3440,0.0000
3441,2.0000
3442,2.0000
3443,2.0000
3444,2.0000
3445,1.0000
3446,2.0000
3447,0.0000
3448,0.0000
3449,0.0000
3450,1.0000
3451,2.0000
3452,0.0000
3453,1.0000
3454,1.0000
3455,2.0000
3456,0.0000
3457,1.0000
3458,0.0000
3459,1.0000
3460,2.0000
3461,2.0000
3462,1.0000
3463,2.0000
3464,0.0000
3465,2.0000
3466,1.0000
3467,2.0000
3468,2.0000
3469,0.0000
3470,2.0000
3471,2.0000
3472,0.0000
3473,0.0000
3474,1.0000
3475,2.0000
3476,2.0000
3477,1.0000
3478,0.0000
3479,2.0000
3480,0.0000
3481,1.0000
3482,2.0000
3483,2.0000
3484,2.0000
3485,2.0000
3486,0.0000
3487,0.0000
3488,1.0000
3489,0.0000
3490,0.0000
3491,1.0000
3492,2.0000
3493,2.0000
3494,0.0000
3495,0.0000
3496,1.0000
3497,1.0000
3498,1.0000
3499,1.0000
3500,0.0000
3501,2.0000
3502,2.0000
3503,1.0000
3504,2.0000
3505,0.0000
3506,1.0000
3507,2.0000
3508,0.0000
3509,1.0000
3510,2.0000
3511,2.0000
3512,1.0000
3513,0.0000
3514,2.0000
3515,0.0000
3516,2.0000
3517,1.0000
3518,1.0000
3519,2.0000
3520,2.0000
3521,1.0000
3522,1.0000
3523,1.0000
3524,0.0000
3525,1.0000
3526,1.0000
3527,1.0000
3528,1.0000
3529,0.0000
3530,2.0000
3531,1.0000
3532,2.0000
3533,2.0000
3534,0.0000
3535,0.0000
3536,0.0000
3537,0.0000
3538,0.0000
3539,1.0000
3540,0.0000
3541,2.0000
3542,0.0000
3543,0.0000
3544,2.0000
3545,1.0000
3546,1.0000
3547,0.0000
3548,1.0000
3549,1.0000
3550,1.0000
3551,2.0000
3552,1.0000
3553,1.0000
3554,1.0000
3555,2.0000
3556,1.0000
3557,0.0000
3558,2.0000
3559,2.0000
3560,2.0000
3561,1.0000
3562,1.0000
3563,2.0000
3564,2.0000
3565,1.0000
3566,0.0000
3567,1.0000
3568,2.0000
3569,0.0000
3570,0.0000
3571,2.0000
3572,0.0000
3573,0.0000
3574,2.0000
3575,0.0000
3576,1.0000
3577,1.0000
3578,2.0000
3579,1.0000
3580,2.0000
3581,2.0000
3582,0.0000
3583,0.0000
3584,2.0000
3585,2.0000
3586,1.0000
3587,2.0000
3588,2.0000
3589,0.0000
3590,2.0000
3591,1.0000
3592,1.0000
3593,0.0000
3594,2.0000
3595,2.0000
3596,1.0000
3597,1.0000
3598,1.0000
3599,0.0000
3600,0.0000
3601,2.0000
3602,0.0000
3603,1.0000
3604,2.0000
3605,1.0000
3606,0.0000
3607,0.0000
3608,2.0000
3609,1.0000
3610,0.0000
3611,2.0000
3612,1.0000
3613,2.0000
3614,2.0000
3615,2.0000
3616,1.0000
3617,1.0000
3618,2.0000
3619,2.0000
3620,1.0000
3621,1.0000
3622,1.0000
3623,0.0000
3624,1.0000
3625,0.0000
3626,1.0000
3627,1.0000
3628,1.0000
3629,1.0000
3630,0.0000
3631,1.0000
3632,1.0000
3633,0.0000
3634,0.0000
3635,1.0000
3636,2.0000
3637,0.0000
3638,1.0000
3639,1.0000
3640,1.0000
3641,2.0000
3642,1.0000
3643,0.0000
3644,2.0000
3645,1.0000
3646,2.0000
3647,1.0000
3648,2.0000
3649,0.0000
3650,0.0000
3651,0.0000
3652,2.0000
3653,1.0000
3654,0.0000
3655,0.0000
3656,0.0000
3657,0.0000
3658,1.0000
3659,1.0000
3660,1.0000
3661,1.0000
3662,1.0000
3663,0.0000
3664,0.0000
3665,1.0000
3666,2.0000
3667,1.0000
3668,2.0000
3669,1.0000
3670,0.0000
3671,0.0000
3672,2.0000
3673,2.0000
3674,0.0000
3675,1.0000
3676,0.0000
3677,0.0000
3678,0.0000
3679,1.0000
3680,1.0000
3681,0.0000
3682,0.0000
3683,1.0000
3684,1.0000
3685,0.0000
3686,2.0000
3687,1.0000
3688,2.0000
3689,2.0000
3690,2.0000
3691,1.0000
3692,2.0000
3693,0.0000
3694,0.0000
3695,1.0000
3696,1.0000
3697,1.0000
3698,1.0000
3699,1.0000
3700,1.0000
3701,0.0000
3702,0.0000
3703,0.0000
3704,2.0000
3705,1.0000
3706,0.0000
3707,1.0000
3708,2.0000
3709,0.0000
3710,1.0000
3711,0.0000
3712,1.0000
3713,2.0000
3714,1.0000
3715,0.0000
3716,0.0000
3717,2.0000
3718,1.0000
3719,1.0000
3720,1.0000
3721,1.0000
3722,1.0000
3723,2.0000
3724,0.0000
3725,0.0000
3726,1.0000
3727,0.0000
3728,1.0000
3729,1.0000
3730,0.0000
3731,1.0000
3732,0.0000
3733,2.0000
3734,0.0000
3735,2.0000
3736,2.0000
3737,0.0000
3738,1.0000
3739,0.0000
3740,0.0000
3741,0.0000
3742,2.0000
3743,2.0000
3744,1.0000
3745,2.0000
3746,1.0000
3747,1.0000
3748,0.0000
3749,0.0000
3750,0.0000
3751,2.0000
3752,0.0000
3753,1.0000
3754,0.0000
3755,2.0000
3756,1.0000
3757,2.0000
3758,0.0000
3759,2.0000
3760,0.0000
3761,1.0000
3762,2.0000
3763,0.0000
3764,1.0000
3765,2.0000
3766,2.0000
3767,1.0000
3768,0.0000
3769,2.0000
3770,0.0000
3771,2.0000
3772,1.0000
3773,2.0000
3774,1.0000
3775,0.0000
3776,1.0000
3777,1.0000
3778,2.0000
3779,2.0000
3780,2.0000
3781,1.0000
3782,2.0000
3783,2.0000
3784,0.0000
3785,0.0000
3786,1.0000
3787,1.0000
3788,1.0000
3789,2.0000
3790,1.0000
3791,2.0000
3792,0.0000
3793,2.0000
3794,1.0000
3795,2.0000
3796,2.0000
3797,2.0000
3798,2.0000
3799,2.0000
3800,0.0000
3801,1.0000
3802,2.0000
3803,1.0000
3804,1.0000
3805,0.0000
3806,1.0000
3807,2.0000
3808,0.0000
3809,1.0000
3810,2.0000
3811,2.0000
3812,1.0000
3813,1.0000
3814,2.0000
3815,0.0000
3816,1.0000
3817,1.0000
3818,0.0000
3819,2.0000
3820,1.0000
3821,2.0000
3822,0.0000
3823,1.0000
3824,2.0000
3825,2.0000
3826,0.0000
3827,2.0000
3828,0.0000
3829,1.0000
3830,0.0000
3831,0.0000
3832,2.0000
3833,1.0000
3834,2.0000
3835,0.0000
3836,1.0000
3837,0.0000
3838,1.0000
3839,1.0000
3840,1.0000
3841,2.0000
3842,0.0000
3843,1.0000
3844,1.0000
3845,2.0000
3846,2.0000
3847,2.0000
3848,2.0000
3849,1.0000
3850,2.0000
3851,1.0000
3852,2.0000
3853,1.0000
3854,1.0000
3855,2.0000
3856,0.0000
3857,0.0000
3858,0.0000
3859,0.0000
3860,1.0000
3861,2.0000
3862,0.0000
3863,2.0000
3864,2.0000
3865,0.0000
3866,2.0000
3867,2.0000
3868,2.0000
3869,2.0000
3870,0.0000
3871,0.0000
3872,1.0000
3873,2.0000
3874,1.0000
3875,0.0000
3876,0.0000
3877,1.0000
3878,1.0000
3879,2.0000
3880,1.0000
3881,0.0000
3882,0.0000
3883,2.0000
3884,0.0000
3885,2.0000
3886,2.0000
3887,0.0000
3888,2.0000
3889,2.0000
3890,2.0000
3891,1.0000
3892,2.0000
3893,2.0000
3894,0.0000
3895,2.0000
3896,0.0000
3897,2.0000
3898,0.0000
3899,2.0000
3900,1.0000
3901,1.0000
3902,1.0000
3903,2.0000
3904,2.0000
3905,0.0000
3906,2.0000
3907,2.0000
3908,2.0000
3909,0.0000
3910,1.0000
3911,2.0000
3912,2.0000
3913,2.0000
3914,0.0000
3915,1.0000
3916,0.0000
3917,0.0000
3918,0.0000
3919,1.0000
3920,0.0000
3921,2.0000
3922,1.0000
3923,0.0000
3924,1.0000
3925,1.0000
3926,0.0000
3927,2.0000
3928,1.0000
3929,1.0000
3930,1.0000
3931,1.0000
3932,1.0000
3933,0.0000
3934,1.0000
3935,2.0000
3936,1.0000
3937,2.0000
3938,2.0000
3939,1.0000
3940,2.0000
3941,1.0000
3942,0.0000
3943,0.0000
3944,1.0000
3945,2.0000
3946,1.0000
3947,1.0000
3948,2.0000
3949,2.0000
3950,2.0000
3951,2.0000
3952,2.0000
3953,1.0000
3954,0.0000
3955,0.0000
3956,0.0000
3957,0.0000
3958,1.0000
3959,2.0000
3960,1.0000
3961,1.0000
3962,0.0000
3963,1.0000
3964,2.0000
3965,1.0000
3966,0.0000
3967,0.0000
3968,2.0000
3969,1.0000
3970,2.0000
3971,0.0000
3972,2.0000
3973,2.0000
3974,2.0000
3975,0.0000
3976,0.0000
3977,0.0000
3978,2.0000
3979,1.0000
3980,2.0000
3981,1.0000
3982,0.0000
3983,1.0000
3984,0.0000
3985,1.0000
3986,0.0000
3987,0.0000
3988,0.0000
3989,2.0000
3990,1.0000
3991,0.0000
3992,1.0000
3993,0.0000
3994,0.0000
3995,1.0000
3996,1.0000
3997,0.0000
3998,2.0000
3999,1.0000
